INSERT INTO trucking.car_models
VALUES ('Freightliner FLD 120SD', 18200),
       ('International GW3 9800', 16800),
       ('Kenworth W900', 28000),
       ('Peterbilt 379', 18000),
       ('Mack Titan', 90000),
       ('Volvo FH', 30000),
       ('Scania G400', 19000),
       ('MAN TGA 33.480', 26000),
       ('Goldhofer STL', 20000),
       ('Daf 95 XF', 18000);

INSERT INTO trucking.car
VALUES ('M009AX', 20000, 'Peterbilt 379'),
       ('K001EH', 11000, 'Volvo FH'),
       ('B437BY', 320000, 'Mack Titan'),
       ('C100OC', 800, 'Volvo FH'),
       ('T095HA', 132000, 'Daf 95 XF'),
       ('C352EM', 40000, 'MAN TGA 33.480'),
       ('Y013ME', 0, 'Freightliner FLD 120SD'),
       ('C060EK', 3000, 'International GW3 9800'),
       ('P406EY', 63000, 'Mack Titan'),
       ('H037YC', 100000, 'MAN TGA 33.480');

INSERT INTO trucking.driver
VALUES (1, 'Макс', 'Рокатански', 'M009AX', 36, 79261234567, 1234567890),
       (2, 'Кен', 'Майлз', 'K001EH', 37, 74959876543, 0987654321),
       (3, 'Малыш', 'Майлз', 'B437BY', 5, 74995555555, 3344445555),
       (4, 'Френк', 'Булит', 'C100OC', 9, 79034567890, 6677778888),
       (5, 'Молния', 'МакКвин', 'T095HA', 10, 79251112233, 7766665555),
       (6, 'Доминик', 'Торетто', 'C352EM', 22, 74952223344, 5544443333),
       (7, 'Брайан', 'О Коннор', 'Y013ME', 8, 79033334455, 4455556666),
       (8, 'Рэндол', 'Рэйес', 'C060EK', 4, 79256667788, 6655554444),
       (9, 'Даниэль', 'Моралес', 'P406EY', 15, 74994445566, 5566667777),
       (10, 'Тобби', 'Маршал', 'H037YC', 11, 74957778899, 4433332222);

INSERT INTO trucking.route
VALUES (1, 955, 'GR10', 24000),
       (2, 820, 'GR11', 20000),
       (3, 800, 'HRP', 20000),
       (4, 180, 'GR20', 4500),
       (5, 170, 'Mont Blanc', 4200),
       (6, 332, 'Coast to coast walk', 8200),
       (7, 440, 'Kungsleden', 11000),
       (8, 160, 'Arctic Circle Trail', 4000),
       (9, 1150, 'St Jakovs route', 28600),
       (10, 1040, 'Shwil Israel', 25800);

INSERT INTO trucking.trasportation
VALUES (1, 7, 10, '2023-04-11 12:30:00', '2023-04-11 12:30:00'),
       (2, 1, 5, '2023-04-12 16:45:00', '2023-04-15 11:45:00'),
       (3, 6, 9, '2023-04-15 10:15:00', '2023-04-16 12:15:00'),
       (4, 7, 4, '2023-04-16 09:00:00', '2023-04-17 19:00:00'),
       (5, 6, 1, '2023-04-13 14:00:00', '2023-04-14 16:00:00'),
       (6, 2, 6, '2023-04-12 11:30:00', '2023-04-15 7:30:00'),
       (7, 10, 8, '2023-04-15 13:00:00', '2023-04-19 18:00:00'),
       (8, 6, 3, '2023-04-17 15:45:00', '2023-04-18 19:45:00'),
       (9, 4, 7, '2023-04-10 09:30:00', '2023-04-10 23:30:00'),
       (10, 10, 2, '2023-04-10 10:15:00', '2023-04-13 17:15:00');

INSERT INTO trucking.trasportation_history
VALUES (1, 3, 6, '2021-09-22 10:15:30', '2021-09-24 17:15:30', '2021-09-30 17:15:30'),
       (2, 3, 8, '2022-02-14 22:30:45', '2022-02-13 12:30:45', '2022-02-20 12:30:45'),
       (3, 1, 3, '2021-12-04 08:00:00', '2021-12-07 11:00:00', '2021-12-14 08:00:00'),
       (4, 1, 8, '2022-06-30 15:45:20', '2022-07-03 08:45:20', '2022-07-10 15:45:20'),
       (5, 10, 1, '2021-10-18 12:00:00', '2021-10-21 19:00:00', '2021-10-28 12:00:00'),
       (6, 7, 6, '2022-01-01 00:00:00', '2022-01-4 09:00:00', '2022-01-11 00:00:00'),
       (7, 7, 5, '2022-03-12 18:30:15', '2022-03-14 08:30:15', '2022-03-22 18:30:15'),
       (8, 8, 2, '2021-11-26 09:15:00', '2021-11-26 19:15:00', '2021-12-06 09:15:00'),
       (9, 3, 1, '2022-05-15 14:00:30', '2022-05-18 10:00:30', '2022-05-25 14:00:30'),
       (10, 8, 9, '2021-08-10 17:20:10', '2021-08-11 07:20:10', '2021-08-20 17:20:10');

INSERT INTO trucking.client
VALUES (1, 'Чарли', 'Чаплин', 'Ист-лейн, Уолворт, Лондон', 79173456789, 5687219483),
       (2, 'Опра', 'Уинфри', 'Монтесито, штат Калифорния', 79261234567, 9087463210),
       (3, 'Альберт', 'Эйнштейн', 'Принстон, штат Нью-джерси', 79876543210, 1234567890),
       (4, 'Криштиану', 'Роналду', 'Kingdom Centre Эр-Рияд', 79156789012, 4567890123),
       (5, 'Джоанна', 'Роулинг', 'Эдинбург', 79034567890, 7890123456),
       (6, 'Майкл', 'Джордан', '103 Bears Club Dr, Юпитер, Флорида 33477', 74951234567, 2345678901),
       (7, 'Адольф', 'Гитлер', 'Берлин', 74998765432, 8765432109),
       (8, 'Винсент', 'Ван Гог', 'Грот-Зюндерт, Нидерланды', 79167890123, 6543210987),
       (9, 'Мэрилин', 'Монро', 'Брентвуд, Лос-Феджелес', 74952345678, 3210987654),
       (10, 'Уолт', 'Дисней', 'Чикаго, Иллинойс', +74995678901, 9876543210);

INSERT INTO trucking.type_of_goods
VALUES (1, 'Электроника', 1200),
       (2, 'Еда', 500),
       (3, 'Одежда', 200),
       (4, 'Мебель', 5700),
       (5, 'Игрушки', 450),
       (6, 'Книги', 700),
       (7, 'Спортивное снаряжение', 8000),
       (8, 'Ювелирные изделия', 200),
       (9, 'Инструменты', 9200),
       (10, 'Косметика', 650);

INSERT INTO trucking.order
VALUES (1, 3, 5, 1200, 9),
       (2, 1, 7, 2000, 3),
       (3, 9, 2, 800, 6),
       (4, 2, 8, 1500, 10),
       (5, 4, 4, 1000, 1),
       (6, 10, 9, 3000, 2),
       (7, 6, 1, 900, 7),
       (8, 5, 6, 1800, 5),
       (9, 8, 3, 700, 8),
       (10, 7, 10, 2500, 4);

INSERT INTO trucking.order_history
VALUES (1, 5, 6, 800, 3, '2020-08-11 09:30:00'),
       (2, 3, 1, 500, 9, '2021-06-23 10:15:00'),
       (3, 8, 9, 600, 2, '2022-02-12 11:00:00'),
       (4, 2, 4, 900, 6, '2021-01-15 11:45:00'),
       (5, 4, 5, 700, 8, '2020-07-14 12:30:00'),
       (6, 7, 2, 400, 1, '2023-03-30 13:15:00'),
       (7, 9, 3, 300, 5, '2019-09-22 14:00:00'),
       (8, 6, 8, 1000, 7, '2021-10-28 14:45:00'),
       (9, 1, 10, 1200, 4, '2022-12-04 15:30:00'),
       (10, 10, 7, 850, 1, '2020-11-07 16:15:00');